index,GAME_ID,Team_Name,1st Half,2nd Half,1st OT,2nd OT,3rd OT,Total
,3954998,N.C. A&T (0-1),15,37,,,,52
,3954998,Pittsburgh (1-0),50,50,,,,100
,5250790,#5 Towson (20-13),29,37,,,,66
,5250790,#4 UNCW (21-10),30,26,,,,56
,5250791,#7 Stony Brook (19-14),28,43,9,11,,91
,5250791,#2 Drexel (20-12),36,35,9,8,,88
,5252507,#7 Alabama A&M (11-22),31,34,,,,65
,5252507,#3 Texas Southern (16-15),33,39,,,,72
,5252349,#15 George Washington (15-17),30,30,,,,60
,5252349,#10 La Salle (16-16),23,38,,,,61
,3954994,Wash. & Lee (0-0),38,25,,,,63
,3954994,Davidson (1-0),37,49,,,,86
,5252308,#10 Manhattan (7-23),32,25,,,,57
,5252308,#7 Iona (16-16),30,30,,,,60
,3954941,North American,22,46,,,,68
,3954941,SFA (1-0),54,42,,,,96
,5250414,#13 Coastal Carolina (9-21),38,37,,,,75
,5250414,#12 ULM (11-19),29,42,,,,71
,3955063,Fisk,27,34,,,,61
,3955063,Tennessee St. (1-0),43,33,,,,76
,5252636,#10 Stanford (14-18),29,33,,,,62
,5252636,#2 Washington St. (24-8),45,34,,,,79
,3955070,Southern U. (0-1),35,40,,,,75
,3955070,TCU (1-0),54,54,,,,108
,3969829,CSUN (18-14),25,45,,,,70
,3969829,Hawaii (18-13),26,46,,,,72
,3955067,Stonehill (0-1),20,24,,,,44
,3955067,George Washington (1-0),37,52,,,,89
,3955077,Navy (0-1),18,30,,,,48
,3955077,Campbell (1-0),32,27,,,,59
,5251859,#3 Baylor (23-10),27,35,,,,62
,5251859,#2 Iowa St. (26-7),35,41,,,,76
,3954911,Idaho (0-1),28,31,,,,59
,3954911,Washington St. (1-0),41,43,,,,84
,3955044,Toccoa Falls,31,28,,,,59
,3955044,Charleston So. (1-0),50,44,,,,94
,5250895,#4 Santa Clara (20-13),26,39,,,,65
,5250895,#1 Saint Mary's (CA) (25-7),33,46,,,,79
,3969814,UAlbany (13-18),43,36,,,,79
,3969814,Bryant (19-12),39,44,,,,83
,5252328,#7 St. Bonaventure (20-13),22,38,,,,60
,5252328,#6 Duquesne (23-11),28,42,,,,70
,5251906,#9 Oklahoma (20-12),31,39,,,,70
,5251906,#8 TCU (21-11),45,32,,,,77
,5252508,#8 Alabama St. (13-19),27,23,,,,50
,5252508,#1 Grambling (18-14),32,24,,,,56
,3954924,S'western Assemblies,39,24,,,,63
,3954924,SMU (1-0),43,39,,,,82
,3955079,Mt. Marty,29,24,,,,53
,3955079,South Dakota (1-0),44,41,,,,85
,3954971,The Citadel (0-1),27,32,,,,59
,3954971,NC State (1-0),36,36,,,,72
,3969823,St. Bonaventure (18-11),42,33,,,,75
,3969823,George Washington (15-15),37,49,,,,86
,3955058,Youngstown St. (0-1),31,31,,,,62
,3955058,Louisiana (1-0),35,37,,,,72
,3954004,Illinois (23-8),39,34,,,,73
,3954004,Iowa (18-13),29,32,,,,61
,5252403,#5 San Diego St. (24-9),36,50,,,,86
,5252403,#1 Utah St. (27-6),39,31,,,,70
,3969956,Temple (12-19),39,45,,,,84
,3969956,UTSA (11-20),45,37,,,,82
,3955001,Monmouth (0-1),23,38,,,,61
,3955001,George Mason (1-0),29,43,,,,72
,5252611,#6 Wagner (16-15),29,25,,,,54
,5252611,#2 Merrimack (21-12),25,22,,,,47
,5252292,#7 Middle Tenn. (14-18),27,43,,,,70
,5252292,#2 Louisiana Tech (22-10),32,35,,,,67
,5254296,Texas Southern (16-17),26,45,,,,71
,5254296,Tarleton St. (24-9),36,46,,,,82
,5252640,#10 Stanford (14-17),34,35,18,,,87
,5252640,#7 California (13-19),45,24,7,,,76
,3953860,Purdue (27-3),34,43,,,,77
,3953860,Illinois (22-8),40,31,,,,71
,3955010,Piedmont (0-0),47,39,,,,86
,3955010,Coastal Carolina (1-0),46,42,,,,88
,5252304,#6 Niagara (16-16),36,23,,,,59
,5252304,#3 Marist (18-12),24,41,,,,65
,3955074,Fairfield (0-1),34,36,,,,70
,3955074,Boston College (1-0),46,43,,,,89
,3954949,Central Mich. (0-1),21,38,,,,59
,3954949,Oklahoma (1-0),40,49,,,,89
,5252546,#7 Texas A&M (20-13),48,49,,,,97
,5252546,#2 Kentucky (23-9),42,45,,,,87
,3955039,Oral Roberts (0-1),36,35,,,,71
,3955039,UT Arlington (1-0),31,44,,,,75
,5251265,#8 Idaho St. (14-19),33,50,,,,83
,5251265,#2 Northern Colo. (19-13),30,46,,,,76
,5252538,#9 Mississippi St. (21-13),31,35,,,,66
,5252538,#4 Auburn (26-7),31,42,,,,73
,3955066,Blue Mountain (MS),33,27,,,,60
,3955066,North Ala. (1-0),50,43,,,,93
,5252390,#4 Long Beach St. (21-14),27,47,,,,74
,5252390,#2 UC Davis (20-13),32,38,,,,70
,5252344,#12 Fordham (13-20),38,24,,,,62
,5252344,#5 VCU (20-12),37,32,,,,69
,3955046,Wagner (0-1),31,29,4,,,64
,3955046,Fordham (1-0),23,37,8,,,68
,3969802,Toledo (19-11),54,43,,,,97
,3969802,Miami (OH) (15-15),24,39,,,,63
,5250851,#10 IUPUI (6-26),29,37,,,,66
,5250851,#7 Cleveland St. (19-13),44,41,,,,85
,4470656,Voorhees,31,26,,,,57
,4470656,South Carolina St. (1-0),23,42,,,,65
,3954931,Chicago St. (0-1),21,20,,,,41
,3954931,Bowling Green (1-0),32,38,,,,70
,3954993,Johnson (FL),21,25,,,,46
,3954993,Jacksonville (1-0),50,63,,,,113
,3954980,Mid-Atlantic Christ.,19,24,,,,43
,3954980,Liberty (1-0),48,55,,,,103
,5252404,#7 Colorado St. (24-10),25,36,,,,61
,5252404,#6 New Mexico (25-9),33,41,,,,74
,3955037,Western Ill. (0-1),28,37,3,,,68
,3955037,UTSA (1-0),28,37,13,,,78
,3955041,Central Ark. (0-1),27,26,,,,53
,3955041,Tulsa (1-0),33,37,,,,70
,5251295,#8 New Orleans (10-23),25,32,,,,57
,5251295,#4 Lamar University (19-13),34,37,,,,71
,5252610,#3 Bryant (20-13),37,33,,,,70
,5252610,#2 UMass Lowell (22-9),34,43,,,,77
,3969926,Harvard (14-13),41,28,,,,69
,3969926,Dartmouth (6-21),38,38,,,,76
,5252518,#3 UT Arlington (20-14),32,42,,,,74
,5252518,#1 Grand Canyon (29-4),36,53,,,,89
,5251819,#7 Miami (OH) (15-17),35,28,,,,63
,5251819,#2 Akron (22-10),37,38,,,,75
,3955051,Saint Peter's (0-1),27,32,,,,59
,3955051,Seton Hall (1-0),26,44,,,,70
,3955060,Merrimack (0-1),20,35,,,,55
,3955060,Vermont (1-0),36,31,,,,67
,3955082,Kansas St. (0-1),30,39,,,,69
,3955082,Southern California (1-0),40,42,,,,82
,5250806,#5 Furman (17-16),28,49,,,,77
,5250806,#1 Samford (28-5),34,50,,,,84
,5252287,#5 UTEP (18-15),27,38,,,,65
,5252287,#1 Sam Houston (21-12),33,30,,,,63
,5252609,#4 New Hampshire (16-15),24,35,,,,59
,5252609,#1 Vermont (27-6),31,35,,,,66
,3954970,San Fran. St. (0-0),31,26,,,,57
,3954970,California Baptist (1-0),32,42,,,,74
,5252639,#12 Oregon St. (13-19),22,35,,,,57
,5252639,#5 UCLA (16-16),34,33,,,,67
,5250893,#2 Gonzaga (25-7),27,33,,,,60
,5250893,#1 Saint Mary's (CA) (26-7),31,38,,,,69
,3954912,Jackson St. (0-1),36,41,,,,77
,3954912,Memphis (1-0),47,47,,,,94
,3969799,Nevada (25-6),35,41,,,,76
,3969799,Boise St. (21-9),29,37,,,,66
,3954975,Southeast Mo. St. (0-1),30,37,,,,67
,3954975,Grand Canyon (1-0),54,34,,,,88
,5252338,#7 St. Bonaventure (20-12),22,36,7,10,,75
,5252338,#2 Loyola Chicago (23-9),31,27,7,9,,74
,3955004,Immaculata (0-0),38,29,,,,67
,3955004,Rider (1-0),61,52,,,,113
,5250823,#5 FDU (15-17),34,27,,,,61
,5250823,#4 Le Moyne (15-16),42,40,,,,82
,3728719,Princeton (1-0),32,36,,,,68
,3728719,Rutgers (0-1),28,33,,,,61
,3954488,Bethune-Cookman (0-1),22,38,,,,60
,3954488,Minnesota (1-0),46,34,,,,80
,5252380,#7 Providence (21-13),31,37,,,,68
,5252380,#3 Marquette (25-8),42,37,,,,79
,3955014,Tex. A&M-Commerce (0-1),27,19,,,,46
,3955014,Texas A&M (1-0),42,36,,,,78
,3954940,South Dakota Mines (0-0),25,23,,,,48
,3954940,Utah St. (1-0),51,50,,,,101
,5251263,#6 Portland St. (17-15),29,52,,,,81
,5251263,#3 Montana (22-10),35,52,,,,87
,3969803,San Diego St. (22-8),28,30,,,,58
,3969803,UNLV (19-10),33,29,,,,62
,5253400,#2 UMass Lowell (22-10),32,29,,,,61
,5253400,#1 Vermont (28-6),29,37,,,,66
,5252677,#13 Rice (11-21),39,42,,,,81
,5252677,#12 Wichita St. (14-18),52,36,,,,88
,5252413,#9 Fresno St. (12-20),33,44,,,,77
,5252413,#8 Wyoming (15-17),40,33,,,,73
,3954959,Bellarmine (0-1),27,30,,,,57
,3954959,Washington (1-0),35,56,,,,91
,3955055,NIU (0-1),28,42,,,,70
,3955055,Marquette (1-0),50,42,,,,92
,3954923,ULM (0-1),14,17,,,,31
,3954923,Houston (1-0),38,46,,,,84
,3969828,Northwestern St. (9-22),34,23,6,11,6,80
,3969828,Tex. A&M-Commerce (12-19),31,26,6,11,9,83
,5250789,#8 Monmouth (18-15),29,30,,,,59
,5250789,#1 Col. of Charleston (25-7),44,39,,,,83
,3955016,Bradley (1-0),40,24,9,,,73
,3955016,UAB (0-1),24,40,7,,,71
,5251188,#5 North Dakota St. (15-17),22,36,,,,58
,5251188,#4 St. Thomas (MN) (20-12),42,26,,,,68
,5252288,#7 Middle Tenn. (14-19),27,27,,,,54
,5252288,#3 Western Ky. (21-11),46,39,,,,85
,5250808,#7 ETSU (19-15),27,52,6,,,85
,5250808,#3 Chattanooga (21-12),38,41,5,,,84
,3954979,McNeese (1-0),41,35,,,,76
,3954979,VCU (0-1),29,36,,,,65
,5250417,#6 Milwaukee (20-15),33,43,,,,76
,5250417,#1 Oakland (23-11),37,46,,,,83
,5252638,#9 Southern California (15-17),37,43,,,,80
,5252638,#8 Washington (17-15),42,32,,,,74
,3969794,Alabama (20-10),35,52,,,,87
,3969794,Florida (21-9),44,61,,,,105
,3955013,Erskine (0-0),28,30,,,,58
,3955013,Gardner-Webb (1-0),44,54,,,,98
,5252383,#7 Providence (21-12),33,45,,,,78
,5252383,#2 Creighton (23-9),30,43,,,,73
,3954551,Binghamton (0-1),39,22,,,,61
,3954551,Northwestern (1-0),36,36,,,,72
,3954920,Saint Francis (PA) (0-1),22,22,,,,44
,3954920,UCLA (1-0),32,43,,,,75
,5252543,#9 Mississippi St. (21-12),38,35,,,,73
,5252543,#1 Tennessee (24-8),19,37,,,,56
,3955073,Eastern Mich. (0-1),26,29,,,,55
,3955073,Butler (1-0),34,60,,,,94
,3969955,SMU (20-11),29,41,,,,70
,3969955,UAB (20-11),33,41,,,,74
,5252402,#6 New Mexico (26-9),36,32,,,,68
,5252402,#5 San Diego St. (24-10),30,31,,,,61
,5251908,#11 Cincinnati (20-13),38,34,,,,72
,5251908,#6 Kansas (22-10),25,27,,,,52
,3954956,St. Joseph's (L.I.) (0-0),19,29,,,,48
,3954956,Hofstra (1-0),44,57,,,,101
,5252286,#5 UTEP (18-16),36,35,,,,71
,5252286,#3 Western Ky. (22-11),40,38,,,,78
,5252510,#7 Alabama A&M (11-21),34,41,,,,75
,5252510,#2 Alcorn (14-18),37,26,,,,63
,3969816,Cincinnati (17-13),28,39,4,,,71
,3969816,Oklahoma (20-10),27,40,7,,,74
,5250632,#6 North Ala. (15-16),50,27,,,,77
,5250632,#3 Lipscomb (20-12),43,32,,,,75
,3955068,Boston U. (0-1),34,24,,,,58
,3955068,Northeastern (1-0),31,36,,,,67
,3955031,American (0-1),31,32,,,,63
,3955031,Villanova (1-0),41,49,,,,90
,3954952,CSUN (0-1),38,41,,,,79
,3954952,Stanford (1-0),43,45,,,,88
,3955048,Portland St. (1-0),31,31,,,,62
,3955048,Air Force (0-1),27,28,,,,55
,5252650,#5 Wisconsin (21-12),33,37,,,,70
,5252650,#4 Northwestern (21-11),29,32,,,,61
,3954983,Holy Cross (0-1),28,43,,,,71
,3954983,Siena (1-0),38,35,,,,73
,5246892,#4 Arkansas St. (18-16),32,39,,,,71
,5246892,#2 James Madison (31-3),42,49,,,,91
,5251834,#12 Notre Dame (13-20),34,25,,,,59
,5251834,#5 Wake Forest (20-12),40,32,,,,72
,5250852,#9 Robert Morris (10-22),28,35,,,,63
,5250852,#8 Purdue Fort Wayne (21-11),46,32,,,,78
,5252630,#4 Oregon (23-11),33,42,,,,75
,5252630,#3 Colorado (24-10),30,38,,,,68
,3955054,FDU (1-0),54,38,,,,92
,3955054,Buffalo (0-1),44,42,,,,86
,5252637,#6 Utah (19-14),30,28,,,,58
,5252637,#3 Colorado (23-9),33,39,,,,72
,3954938,Cal St. Fullerton (0-1),35,22,,,,57
,3954938,San Diego St. (1-0),37,46,,,,83
,3955003,NJIT (0-1),32,28,,,,60
,3955003,Miami (FL) (1-0),52,49,,,,101
,3954933,Miami (OH) (0-1),34,30,,,,64
,3954933,Evansville (1-0),32,40,,,,72
,3955056,Manhattan (1-0),35,26,,,,61
,3955056,Bryant (0-1),33,26,,,,59
,3954219,Maryland (15-16),32,37,,,,69
,3954219,Penn St. (15-16),36,49,,,,85
,5252545,#5 South Carolina (26-7),26,29,,,,55
,5252545,#4 Auburn (25-7),46,40,,,,86
,5250784,#7 Stony Brook (20-15),40,33,6,,,79
,5250784,#1 Col. of Charleston (27-7),35,38,9,,,82
,3955078,Marist (1-0),42,29,,,,71
,3955078,Army West Point (0-1),26,29,,,,55
,5252554,#14 Missouri (8-24),30,29,,,,59
,5252554,#11 Georgia (17-15),31,33,,,,64
,5251293,#3 Nicholls (20-13),35,34,12,,,81
,5251293,#2 A&M-Corpus Christi (21-11),30,39,4,,,73
,3955023,Bethesda (CA),32,27,,,,59
,3955023,San Francisco (1-0),82,46,,,,128
,3969798,Central Mich. (17-13),32,37,,,,69
,3969798,NIU (10-20),28,35,,,,63
,3954987,Brevard (0-0),39,29,,,,68
,3954987,Wofford (1-0),42,43,,,,85
,3955042,CUI (0-0),30,34,,,,64
,3955042,Pepperdine (1-0),25,51,,,,76
,3969845,UIW (8-23),21,31,,,,52
,3969845,A&M-Corpus Christi (21-10),32,39,,,,71
,3954934,UIC (0-1),30,28,,,,58
,3954934,Cincinnati (1-0),40,29,,,,69
,3954958,Carroll (MT),30,43,,,,73
,3954958,Utah Valley (1-0),35,46,,,,81
,5251722,#6 Delaware St. (15-17),27,44,,,,71
,5251722,#2 N.C. Central (18-13),26,32,,,,58
,3955081,Dartmouth (0-1),21,33,,,,54
,3955081,Duke (1-0),42,50,,,,92
,3954961,Delta St. (0-0),25,46,,,,71
,3954961,Southeastern La. (1-0),48,42,,,,90
,5250787,#5 Towson (20-14),30,26,,,,56
,5250787,#1 Col. of Charleston (26-7),31,30,,,,61
,3969806,Binghamton (15-14),37,35,,,,72
,3969806,UMBC (11-20),40,31,,,,71
,5252504,#4 Brown (13-17),44,46,,,,90
,5252504,#1 Princeton (24-4),31,50,,,,81
,5252415,#11 Air Force (9-22),30,26,,,,56
,5252415,#6 New Mexico (23-9),49,33,,,,82
,5252641,#11 Arizona St. (14-18),22,35,,,,57
,5252641,#6 Utah (19-13),47,43,,,,90
,3954966,Tennessee Tech (0-1),12,30,,,,42
,3954966,Tennessee (1-0),41,39,,,,80
,3955022,UMBC (0-1),48,45,,,,93
,3955022,Louisville (1-0),40,54,,,,94
,3955019,Detroit Mercy (0-1),35,25,,,,60
,3955019,Toledo (1-0),51,43,,,,94
,5251899,#5 Bucknell (14-19),32,33,,,,65
,5251899,#1 Colgate (24-9),23,45,,,,68
,5251190,#6 Omaha (15-17),32,41,,,,73
,5251190,#3 North Dakota (18-14),36,36,,,,72
,5252300,#3 Marist (18-13),32,29,,,,61
,5252300,#2 Fairfield (22-11),30,35,,,,65
,3954995,Trinity Baptist,21,33,,,,54
,3954995,Stetson (1-0),59,50,,,,109
,5251261,#8 Idaho St. (14-20),21,37,,,,58
,5251261,#3 Montana (23-10),33,39,,,,72
,5252678,#14 UTSA (11-21),21,40,,,,61
,5252678,#11 Temple (13-19),35,29,,,,64
,3969821,Florida St. (15-15),31,42,,,,73
,3969821,Pittsburgh (20-10),42,46,,,,88
,5251860,#5 BYU (23-10),23,44,,,,67
,5251860,#4 Texas Tech (23-9),42,39,,,,81
,3954947,Clark Atlanta (0-0),31,40,,,,71
,3954947,Mercer (0-1),34,30,,,,64
,5251821,#5 Bowling Green (20-12),26,40,,,,66
,5251821,#4 Central Mich. (18-14),28,28,,,,56
,3955075,Louisiana Tech (0-1),34,39,,,,73
,3955075,Colorado St. (1-0),33,48,,,,81
,3954974,Tarleton St. (0-1),19,31,,,,50
,3954974,Virginia (1-0),43,37,,,,80
,5252671,#11 Temple (15-19),18,40,,,,58
,5252671,#3 Charlotte (19-12),22,32,,,,54
,3955002,Radford (0-1),41,29,,,,70
,3955002,North Carolina (1-0),46,40,,,,86
,3955047,Doane,22,31,,,,53
,3955047,Omaha (1-0),40,45,,,,85
,5251183,#4 St. Thomas (MN) (20-13),25,24,,,,49
,5251183,#1 South Dakota St. (21-12),28,31,,,,59
,5251911,#4 Austin Peay (19-15),39,52,,,,91
,5251911,#2 Stetson (22-12),36,58,,,,94
,5252297,#5 Saint Peter's (19-13),25,43,,,,68
,5252297,#2 Fairfield (22-12),32,31,,,,63
,5251836,#11 Boston College (19-14),40,36,,,,76
,5251836,#6 Clemson (21-11),28,27,,,,55
,3955005,Va. Wesleyan (0-0),26,31,,,,57
,3955005,Old Dominion (1-0),40,31,,,,71
,5252540,#7 Texas A&M (20-14),50,40,,,,90
,5252540,#6 Florida (24-10),42,53,,,,95
,5252553,#13 Vanderbilt (9-23),41,37,7,,,85
,5252553,#12 Arkansas (16-16),27,51,12,,,90
,5250628,#5 North Florida (16-16),34,53,11,,,98
,5250628,#4 Austin Peay (18-14),33,54,14,,,101
,3955034,William Carey,19,23,,,,42
,3955034,Southern Miss. (1-0),28,36,,,,64
,3954921,New Mexico St. (0-1),29,17,,,,46
,3954921,Kentucky (1-0),37,49,,,,86
,3954989,Sam Houston (1-0),25,39,,,,64
,3954989,Pacific (0-1),25,32,,,,57
,5252391,#4 Long Beach St. (20-14),47,36,,,,83
,5252391,#1 UC Irvine (24-9),38,41,,,,79
,3969971,Oakland (0-1),35,38,,,,73
,3969971,Ohio St. (1-0),34,45,,,,79
,5251815,#3 Ohio (20-13),26,36,,,,62
,5251815,#2 Akron (23-10),16,49,,,,65
,3954942,Ark.-Pine Bluff (0-1),40,39,,,,79
,3954942,Missouri (1-0),57,44,,,,101
,5250419,#6 Milwaukee (20-14),31,51,,,,82
,5250419,#5 Northern Ky. (18-15),38,37,,,,75
,5252385,#9 Xavier (16-16),32,44,,,,76
,5252385,#8 Butler (18-14),31,41,,,,72
,3969808,Vermont (25-6),25,43,,,,68
,3969808,New Hampshire (15-14),24,40,,,,64
,5252327,#9 Saint Joseph's (21-13),25,35,,,,60
,5252327,#5 VCU (22-12),23,43,,,,66
,3954937,Northern Ky. (0-1),21,36,,,,57
,3954937,Middle Tenn. (1-0),45,29,,,,74
,3969796,Liberty (17-13),30,31,,,,61
,3969796,Middle Tenn. (13-17),33,36,,,,69
,5252335,#9 Saint Joseph's (21-12),22,44,,,,66
,5252335,#1 Richmond (23-9),24,37,,,,61
,3955072,Coppin St. (0-1),19,36,,,,55
,3955072,Virginia Tech (1-0),45,55,,,,100
,3954984,St. Andrews,24,27,,,,51
,3954984,High Point (1-0),46,59,,,,105
,3969847,Mississippi St. (19-11),32,37,,,,69
,3969847,Texas A&M (17-13),45,30,,,,75
,3955036,UNT Dallas,28,39,,,,67
,3955036,Grambling (1-0),43,39,,,,82
,3954964,Rivier (0-0),27,24,,,,51
,3954964,UMass Lowell (1-0),50,46,,,,96
,5250792,#6 Delaware (19-14),29,29,,,,58
,5250792,#3 Hofstra (20-12),35,38,,,,73
,5252506,#5 Bethune-Cookman (17-16),19,34,,,,53
,5252506,#1 Grambling (19-14),44,21,,,,65
,3954922,Iona (0-1),39,30,,,,69
,3954922,Col. of Charleston (1-0),46,25,,,,71
,5252301,#9 Canisius (14-18),27,25,,,,52
,5252301,#1 Quinnipiac (24-8),34,42,,,,76
,3955029,Northwest Indian,27,36,,,,63
,3955029,Montana St. (1-0),45,58,,,,103
,5250630,#8 Queens (NC) (14-19),36,35,,,,71
,5250630,#2 Stetson (20-12),38,45,,,,83
,3955057,Cornell (1-0),39,45,,,,84
,3955057,Lehigh (0-1),44,34,,,,78
,3954928,Lipscomb (0-1),31,28,,,,59
,3954928,Wichita St. (1-0),44,32,,,,76
,3969825,East Carolina (14-16),30,35,12,,,77
,3969825,SMU (20-10),22,43,15,,,80
,3955018,New Hampshire (0-1),32,40,,,,72
,3955018,Syracuse (1-0),44,39,,,,83
,3954919,Loyola Maryland (0-1),30,43,,,,73
,3954919,Florida (1-0),42,51,,,,93
,5251814,#8 Kent St. (17-16),34,39,,,,73
,5251814,#5 Bowling Green (20-13),28,32,,,,60
,3955108,Jarvis Christian,27,39,,,,66
,3955108,Lamar University (1-0),68,46,,,,114
,3954951,Mobile,47,36,,,,83
,3954951,South Alabama (0-1),23,51,,,,74
,5250805,#7 ETSU (19-16),38,31,,,,69
,5250805,#1 Samford (29-5),40,36,,,,76
,5251909,#13 Oklahoma St. (12-20),31,31,,,,62
,5251909,#12 UCF (17-14),35,42,,,,77
,5252348,#13 Davidson (15-17),27,34,2,,,63
,5252348,#12 Fordham (13-19),19,42,10,,,71
,3969797,St. John's (NY) (18-12),54,50,,,,104
,3969797,DePaul (3-27),28,49,,,,77
,5252377,#3 Marquette (25-9),24,33,,,,57
,5252377,#1 UConn (31-3),26,47,,,,73
,5252345,#14 Saint Louis (13-20),39,34,,,,73
,5252345,#6 Duquesne (21-11),43,40,,,,83
,5252396,#8 CSU Bakersfield (13-19),44,34,,,,78
,5252396,#5 UC Riverside (16-17),33,50,,,,83
,3953731,Arkansas St. (0-1),41,35,,,,76
,3953731,Wisconsin (1-0),56,49,,,,105
,3954917,Nicholls (0-1),42,39,,,,81
,3954917,Tulane (1-0),46,45,,,,91
,3955009,Longwood (0-1),30,39,,,,69
,3955009,St. Bonaventure (1-0),35,38,,,,73
,5251300,#8 New Orleans (10-22),39,39,,,,78
,5251300,#5 Southeastern La. (15-17),33,33,,,,66
,5251264,#10 Sacramento St. (10-23),35,39,,,,74
,5251264,#1 Eastern Wash. (21-11),32,37,,,,69
,5252651,#10 Ohio St. (20-13),29,45,,,,74
,5252651,#2 Illinois (24-8),31,46,,,,77
,3955061,Coast Guard (0-0),28,20,,,,48
,3955061,Quinnipiac (1-0),67,49,,,,116
,5251180,#7 Denver (17-17),23,45,,,,68
,5251180,#1 South Dakota St. (22-12),37,39,,,,76
,5252414,#10 San Jose St. (9-23),29,33,,,,62
,5252414,#7 Colorado St. (23-9),34,38,,,,72
,3969805,Ole Miss (20-10),32,34,,,,66
,3969805,Georgia (16-14),35,34,,,,69
,3955028,McMurry (0-0),43,28,,,,71
,3955028,UTEP (1-0),59,61,,,,120
,5252523,#8 California Baptist (16-17),26,31,,,,57
,5252523,#4 Seattle U (19-13),43,38,,,,81
,3955062,Texas Southern (0-1),24,31,,,,55
,3955062,New Mexico (1-0),41,51,,,,92
,3955012,VMI (0-1),36,39,,,,75
,3955012,Richmond (1-0),55,38,,,,93
,3954962,Champion Chris.,28,48,,,,76
,3954962,UT Martin (1-0),53,51,,,,104
,5252652,#6 Indiana (19-14),27,39,,,,66
,5252652,#3 Nebraska (23-9),50,43,,,,93
,3954945,Towson (0-1),24,33,,,,57
,3954945,Colorado (1-0),28,47,,,,75
,3954916,Eastern Wash. (0-1),20,46,,,,66
,3954916,Utah (1-0),44,57,,,,101
,5251296,#7 Tex. A&M-Commerce (13-20),21,30,,,,51
,5251296,#3 Nicholls (19-13),34,38,,,,72
,5246924,#11 Texas St. (17-18),29,39,,,,68
,5246924,#2 James Madison (30-3),37,36,,,,73
,5252648,#3 Nebraska (23-10),51,36,,,,87
,5252648,#2 Illinois (25-8),40,58,,,,98
,5252660,#14 Michigan (8-24),22,35,,,,57
,5252660,#11 Penn St. (16-16),33,33,,,,66
,3955071,Abilene Christian (1-0),36,28,,,,64
,3955071,Oklahoma St. (0-1),25,34,,,,59
,5252503,#3 Cornell (22-7),25,32,,,,57
,5252503,#2 Yale (21-9),37,32,,,,69
,3954960,Warner Pacific,16,20,,,,36
,3954960,Idaho St. (1-0),51,41,,,,92
,3955069,UMES (0-1),23,42,,,,65
,3955069,Temple (1-0),35,50,,,,85
,5251828,#10 NC State (21-14),29,29,15,,,73
,5251828,#3 Virginia (23-10),29,29,7,,,65
,3954967,Northern Ariz. (0-1),30,22,,,,52
,3954967,UConn (1-0),47,48,,,,95
,5252632,#4 Oregon (22-11),23,44,,,,67
,5252632,#1 Arizona (25-8),33,26,,,,59
,3954969,S'western Adventist,25,34,,,,59
,3954969,UTRGV (1-0),59,51,,,,110
,5251838,#15 Louisville (8-24),46,39,,,,85
,5251838,#10 NC State (18-14),45,49,,,,94
,5252526,#7 Abilene Christian (15-17),23,34,,,,57
,5252526,#6 SFA (18-14),29,31,,,,60
,5254289,UC Irvine (24-10),40,35,,,,75
,5254289,#2 Utah (20-14),46,38,,,,84
,5251835,#10 NC State (19-14),35,48,,,,83
,5251835,#7 Syracuse (20-12),32,33,,,,65
,3969800,Air Force (9-20),22,41,,,,63
,3969800,Wyoming (14-16),27,47,,,,74
,5251813,#8 Kent St. (17-17),29,32,,,,61
,5251813,#2 Akron (24-10),34,28,,,,62
,3954930,Cleveland St. (0-1),41,36,,,,77
,3954930,Duquesne (1-0),38,41,,,,79
,3969793,Duquesne (19-11),31,38,,,,69
,3969793,VCU (19-11),27,32,,,,59
,5252306,#5 Saint Peter's (17-13),27,23,,,,50
,5252306,#4 Rider (15-17),18,30,,,,48
,5250415,#14 Old Dominion (7-25),38,36,9,,,83
,5250415,#11 Texas St. (15-17),28,46,18,,,92
,3954918,Alcorn (0-1),22,37,,,,59
,3954918,Arkansas (1-0),46,47,,,,93
,3955015,La Verne (0-0),33,29,,,,62
,3955015,Cal Poly (1-0),47,33,,,,80
,3969826,Tennessee (24-6),35,31,,,,66
,3969826,South Carolina (24-6),24,35,,,,59
,3954935,Lourdes,29,27,,,,56
,3954935,Illinois St. (1-0),38,37,,,,75
,3955053,Colorado Col. (0-0),26,32,,,,58
,3955053,Northern Colo. (1-0),40,47,,,,87
,5251299,#7 Tex. A&M-Commerce (13-19),26,43,,,,69
,5251299,#6 Northwestern St. (9-23),33,31,,,,64
,5252669,#7 North Texas (18-14),30,41,,,,71
,5252669,#2 Fla. Atlantic (25-7),35,42,,,,77
,3954936,Green Bay (0-1),18,26,,,,44
,3954936,Iowa St. (1-0),49,36,,,,85
,5252302,#7 Iona (16-17),31,32,,,,63
,5252302,#2 Fairfield (21-11),34,34,,,,68
,3955011,N.C. Central (0-1),18,38,,,,56
,3955011,Kansas (1-0),59,40,,,,99
,3969817,Providence (19-11),30,41,,,,71
,3969817,Georgetown (9-21),26,32,,,,58
,3954988,UMass Boston (0-0),24,26,,,,50
,3954988,Harvard (1-0),35,43,,,,78
,3954976,Houston Christian (0-1),18,45,,,,63
,3954976,BYU (1-0),56,54,,,,110
,3954932,USC Upstate (0-1),28,25,,,,53
,3954932,South Carolina (1-0),42,40,,,,82
,3984812,Sonoma St. (0-0),36,28,,,,64
,3984812,San Diego (1-0),24,44,,,,68
,5252299,#5 Saint Peter's (18-13),29,33,,,,62
,5252299,#1 Quinnipiac (24-9),30,30,,,,60
,3955065,Ky. Wesleyan (0-0),31,33,,,,64
,3955065,Western Ky. (1-0),37,53,,,,90
,3954982,North Greenville (0-0),32,36,,,,68
,3954982,Furman (1-0),42,42,,,,84
,5251262,#5 Montana St. (15-17),25,66,,,,91
,5251262,#4 Weber St. (20-12),34,48,,,,82
,5251910,#14 West Virginia (9-23),38,47,,,,85
,5251910,#11 Cincinnati (19-13),36,54,,,,90
,3969801,Dayton (23-6),49,51,,,,100
,3969801,Saint Louis (11-19),35,48,,,,83
,5252666,#11 Temple (16-19),25,49,,,,74
,5252666,#2 Fla. Atlantic (25-8),33,40,,,,73
,5252388,#11 DePaul (3-29),25,32,,,,57
,5252388,#6 Villanova (18-14),27,31,,,,58
,5251905,#12 UCF (17-15),38,35,,,,73
,5251905,#5 BYU (23-9),47,40,,,,87
,3954914,St. Thomas (MN) (0-1),34,32,,,,66
,3954914,California (1-0),35,36,,,,71
,3955025,Vassar (0-0),24,29,,,,53
,3955025,Yale (1-0),48,54,,,,102
,5250526,#8 Southern Ind. (8-24),33,31,,,,64
,5250526,#5 Tennessee St. (18-14),30,48,,,,78
,3955000,Brown (0-1),31,39,,,,70
,3955000,Colgate (1-0),31,41,,,,72
,5250902,#2 Drake (28-6),45,39,,,,84
,5250902,#1 Indiana St. (28-6),32,48,,,,80
,5246923,#4 Arkansas St. (18-15),39,28,,,,67
,5246923,#1 App State (27-6),29,36,,,,65
,5252520,#4 Seattle U (19-14),34,38,,,,72
,5252520,#1 Grand Canyon (28-4),32,48,,,,80
,5251839,#14 Miami (FL) (15-17),32,33,,,,65
,5251839,#11 Boston College (18-14),47,34,,,,81
,3954948,Lafayette (0-1),35,25,,,,60
,3954948,Saint Joseph's (1-0),38,43,,,,81
,5252293,#9 FIU (11-21),33,43,,,,76
,5252293,#8 Jacksonville St. (14-18),37,30,,,,67
,5252525,#8 California Baptist (16-16),28,32,14,,,74
,5252525,#5 Utah Valley (16-16),30,30,3,,,63
,5250627,#10 Jacksonville (16-16),33,34,,,,67
,5250627,#1 Eastern Ky. (17-14),34,31,,,,65
,3954199,Delaware St. (0-1),18,27,,,,45
,3954199,Penn St. (1-0),39,40,,,,79
,5252672,#9 Tulsa (16-15),36,43,,,,79
,5252672,#8 East Carolina (15-17),41,43,,,,84
,3954929,SIUE (0-1),24,23,,,,47
,3954929,Dayton (1-0),27,36,,,,63
,3969830,Utah St. (25-5),53,37,,,,90
,3969830,San Jose St. (9-22),37,33,,,,70
,3954946,Elon (0-1),55,23,,,,78
,3954946,Wake Forest (1-0),43,58,,,,101
,3954913,Morgan St. (0-1),26,33,,,,59
,3954913,Arizona (1-0),61,61,,,,122
,5252521,#3 UT Arlington (20-13),39,48,,,,87
,5252521,#2 Tarleton St. (23-9),41,43,,,,84
,3955033,Central Conn. St. (0-1),31,39,,,,70
,3955033,Rhode Island (1-0),47,34,,,,81
,3953861,Samford (0-1),17,28,,,,45
,3953861,Purdue (1-0),51,47,,,,98
,5251185,#7 Denver (17-16),32,34,,,,66
,5251185,#6 Omaha (15-18),34,29,,,,63
,5251901,#6 Lehigh (14-17),28,42,14,,,84
,5251901,#2 Boston U. (16-17),46,24,9,,,79
,5251826,#10 NC State (22-14),39,45,,,,84
,5251826,#1 North Carolina (27-7),40,36,,,,76
,5251257,#5 Montana St. (17-17),32,53,,,,85
,5251257,#3 Montana (23-11),38,32,,,,70
,3955017,Mount Olive (0-0),31,35,,,,66
,3955017,UNCW (1-0),55,50,,,,105
,3954955,Spalding (0-0),25,38,,,,63
,3954955,IUPUI (1-0),33,37,,,,70
,3955080,Akron (1-0),39,42,,,,81
,3955080,South Dakota St. (0-1),37,38,,,,75
,3954968,Dallas Christian,15,39,,,,54
,3954968,Northwestern St. (1-0),58,43,,,,101
,5252667,#8 East Carolina (15-18),30,29,,,,59
,5252667,#1 South Fla. (24-6),44,37,,,,81
,3955020,Avila,22,26,,,,48
,3955020,Kansas City (1-0),39,40,,,,79
,5252309,#11 Siena (4-28),32,33,,,,65
,5252309,#6 Niagara (16-15),31,36,,,,67
,5251833,#9 Florida St. (17-15),36,50,,,,86
,5251833,#8 Virginia Tech (18-14),37,39,,,,76
,5254274,North Texas (19-14),38,46,,,,84
,5254274,#4 LSU (17-16),31,46,,,,77
,5252346,#10 La Salle (16-17),34,39,,,,73
,5252346,#7 St. Bonaventure (19-12),42,33,,,,75
,5250859,#10 Loyola Maryland (7-25),27,21,,,,48
,5250859,#7 Navy (13-17),34,30,,,,64
,5252505,#3 Texas Southern (16-16),24,42,,,,66
,5252505,#1 Grambling (20-14),41,34,,,,75
,3954927,Georgia St. (0-1),45,42,,,,87
,3954927,Belmont (1-0),47,42,,,,89
,3969813,Virginia Tech (17-13),49,31,,,,80
,3969813,Louisville (8-22),31,33,,,,64
,5252635,#5 UCLA (16-17),34,32,,,,66
,5252635,#4 Oregon (21-11),29,39,,,,68
,3954997,Winthrop (0-1),24,32,,,,56
,3954997,Clemson (1-0),33,45,,,,78
,3955049,Long Beach St. (0-1),31,42,,,,73
,3955049,Portland (1-0),32,46,,,,78
,5250820,#8 Saint Francis (PA) (8-22),32,30,,,,62
,5250820,#1 Central Conn. St. (20-10),34,37,,,,71
,5251827,#4 Pittsburgh (22-11),35,30,,,,65
,5251827,#1 North Carolina (27-6),33,39,,,,72
,3954939,Midway,33,25,,,,58
,3954939,Murray St. (1-0),54,37,,,,91
,3954926,FIU (0-1),21,41,,,,62
,3954926,UCF (1-0),43,42,,,,85
,3954565,Ohio St. (19-12),30,43,,,,73
,3954565,Rutgers (15-16),28,23,,,,51
,5252668,#12 Wichita St. (15-19),31,29,,,,60
,5252668,#4 UAB (21-11),33,39,,,,72
,4469253,Malone (0-0),33,25,,,,58
,4469253,Kent St. (1-0),36,43,,,,79
,5252659,#13 Rutgers (15-17),22,29,,,,51
,5252659,#12 Maryland (16-16),36,29,,,,65
,3954925,Queens (NC) (0-1),36,37,,,,73
,3954925,Marshall (1-0),45,44,,,,89
,3969819,Kansas St. (17-13),33,35,,,,68
,3969819,Kansas (22-8),41,49,,,,90
,3969810,Notre Dame (12-18),25,26,,,,51
,3969810,North Carolina (24-6),41,43,,,,84
,3955008,Columbia (0-1),27,32,,,,59
,3955008,Providence (1-0),42,36,,,,78
,3954944,Life (GA),37,35,,,,72
,3954944,Austin Peay (1-0),42,48,,,,90
,3954957,Kansas Christian,33,33,,,,66
,3954957,Prairie View (1-0),43,46,,,,89
,3955030,Hampton (0-1),36,44,,,,80
,3955030,Howard (1-0),40,52,,,,92
,3954977,North Dakota St. (1-0),28,43,9,,,80
,3954977,Western Mich. (0-1),38,33,5,,,76
,5252392,#3 Hawaii (20-14),29,36,,,,65
,5252392,#2 UC Davis (20-12),31,37,,,,68
,3954943,Fort Lauderdale,18,29,,,,47
,3954943,Troy (1-0),38,54,,,,92
,3954991,Delaware (1-0),44,34,,,,78
,3954991,Bucknell (0-1),25,32,,,,57
,5250418,#7 Cleveland St. (20-14),38,33,,,,71
,5250418,#1 Oakland (22-11),38,36,,,,74
,5251260,#10 Sacramento St. (10-24),38,33,,,,71
,5251260,#5 Montana St. (16-17),42,32,,,,74
,3969820,Auburn (23-7),44,57,,,,101
,3969820,Missouri (8-22),39,35,,,,74
,5252664,#4 UAB (22-11),38,55,,,,93
,5252664,#1 South Fla. (24-7),30,53,,,,83
,5252343,#9 Saint Joseph's (20-12),33,31,,,,64
,5252343,#8 George Mason (20-12),24,33,,,,57
,5252843,#6 Lehigh (14-18),26,29,,,,55
,5252843,#1 Colgate (25-9),45,29,,,,74
,3954992,Kentucky St. (0-0),19,38,,,,57
,3954992,Southern Ill. (1-0),44,44,,,,88
,3954978,Stanislaus St. (0-0),11,17,,,,28
,3954978,Saint Mary's (CA) (1-0),50,57,,,,107
,3969834,LSU (16-14),35,48,,,,83
,3969834,Arkansas (15-15),42,52,,,,94
,3953802,Michigan St. (18-13),29,35,,,,64
,3953802,Indiana (18-13),34,31,,,,65
,3953762,Wisconsin (19-12),33,37,,,,70
,3953762,Purdue (28-3),44,34,,,,78
,5251858,#4 Texas Tech (23-10),29,30,,,,59
,5251858,#1 Houston (30-3),32,50,,,,82
,5251292,#4 Lamar University (19-14),24,33,,,,57
,5251292,#1 McNeese (29-3),39,37,,,,76
,3955024,Alabama St. (0-1),30,29,,,,59
,3955024,Ole Miss (1-0),35,34,,,,69
,5251837,#13 Georgia Tech (14-18),35,45,,,,80
,5251837,#12 Notre Dame (13-19),45,39,,,,84
,3969795,UMass Lowell (20-9),33,32,,,,65
,3969795,Maine (15-16),37,34,,,,71
,3955007,St. Mary-Woods,29,31,,,,60
,3955007,Indiana St. (1-0),44,46,,,,90
,5251863,#8 TCU (21-12),15,30,,,,45
,5251863,#1 Houston (29-3),31,29,,,,60
,3954972,Ferrum (0-0),31,30,,,,61
,3954972,East Carolina (1-0),41,50,,,,91
,3969843,McNeese (28-3),41,40,,,,81
,3969843,New Orleans (9-22),30,27,,,,57
,3954963,John Jay (0-0),34,23,,,,57
,3954963,Penn (1-0),61,41,,,,102
,3954985,Southern Utah (0-1),36,36,,,,72
,3954985,CSU Bakersfield (1-0),34,39,,,,73
,5252649,#8 Michigan St. (19-14),27,35,,,,62
,5252649,#1 Purdue (29-3),34,33,,,,67
,3954954,Georgia (0-1),30,41,,,,71
,3954954,Oregon (1-0),40,42,,,,82
,3955035,Mississippi Val. (0-1),29,31,,,,60
,3955035,LSU (1-0),56,50,,,,106
,5250788,#7 Stony Brook (20-14),32,31,,,,63
,5250788,#3 Hofstra (20-13),30,29,,,,59
,3969815,Kent St. (15-15),32,37,,,,69
,3969815,Ball St. (15-15),37,39,,,,76
,5251719,#6 Delaware St. (15-18),34,33,,,,67
,5251719,#4 Howard (18-16),40,30,,,,70
,5251907,#10 Kansas St. (19-13),29,49,,,,78
,5251907,#7 Texas (20-12),39,35,,,,74
,5252387,#10 Georgetown (9-23),27,29,,,,56
,5252387,#7 Providence (20-12),40,34,,,,74
,3954981,Coastal Ga.,24,31,,,,55
,3954981,North Florida (1-0),38,54,,,,92
,3955052,Ga. Southern (0-1),31,31,,,,62
,3955052,Georgia Tech (1-0),32,52,,,,84
,3955045,Texas St. (0-1),34,32,,,,66
,3955045,Little Rock (1-0),38,33,,,,71
,3995900,Lindenwood (0-1),24,28,,,,52
,3995900,Nebraska (1-0),51,33,,,,84
,5251720,#4 Howard (17-16),31,49,,,,80
,5251720,#1 Norfolk St. (22-11),37,37,,,,74
,5250680,#5 Longwood (21-13),42,43,,,,85
,5250680,#2 UNC Asheville (22-12),24,35,,,,59
,3954990,Covenant (0-0),20,24,,,,44
,3954990,Chattanooga (1-0),42,47,,,,89
,5252307,#9 Canisius (14-17),39,38,,,,77
,5252307,#8 Mount St. Mary's (13-19),29,32,,,,61
,5251725,#7 UMES (9-20),37,44,,,,81
,5251725,#2 N.C. Central (18-12),40,47,,,,87
,5254275,Boston College (20-15),31,31,,,,62
,5254275,#3 Providence (21-14),30,27,,,,57
,5251289,#3 Nicholls (20-14),32,44,,,,76
,5251289,#1 McNeese (30-3),48,44,,,,92
,3969818,Tulane (13-16),43,29,,,,72
,3969818,South Fla. (23-5),44,41,,,,85
,5252647,#5 Wisconsin (22-12),36,30,10,,,76
,5252647,#1 Purdue (29-4),36,30,9,,,75
,3954915,Morehead St. (0-1),35,38,,,,73
,3954915,Alabama (1-0),55,50,,,,105
,3969812,Ohio (18-12),40,38,,,,78
,3969812,Buffalo (4-26),33,33,,,,66
,5252524,#6 SFA (18-15),27,51,,,,78
,5252524,#3 UT Arlington (19-13),48,61,,,,109
,3954965,Jessup (0-0),30,21,,,,51
,3954965,UC Davis (1-0),36,50,,,,86
,3955076,Robert Morris (0-1),33,30,,,,63
,3955076,Xavier (1-0),39,38,,,,77
,3969835,Villanova (17-13),24,32,,,,56
,3969835,Seton Hall (19-11),30,36,,,,66
,5252631,#3 Colorado (24-9),27,31,,,,58
,5252631,#2 Washington St. (24-9),23,29,,,,52
,3954350,Eastern Ill. (0-1),25,27,,,,52
,3954350,Illinois (1-0),37,43,,,,80
,3953962,James Madison (1-0),37,31,11,,,79
,3953962,Michigan St. (0-1),33,35,8,,,76
,3954115,Nebraska (22-9),50,35,,,,85
,3954115,Michigan (8-23),43,27,,,,70
,5252379,#1 UConn (30-3),52,43,,,,95
,5252379,#5 St. John's (NY) (20-13),47,43,,,,90
,3955006,Maine (0-1),27,25,,,,52
,3955006,Charlotte (1-0),34,35,,,,69
,5252291,#9 FIU (11-22),27,32,,,,59
,5252291,#1 Sam Houston (21-11),43,35,,,,78
,3955064,Fresno Pacific (0-0),24,42,,,,66
,3955064,Fresno St. (1-0),33,44,,,,77
,5250858,#9 Holy Cross (10-22),36,48,,,,84
,5250858,#8 Army West Point (10-22),27,41,,,,68
,3969822,Georgia Tech (14-16),40,30,,,,70
,3969822,Wake Forest (18-12),26,43,,,,69
,3955043,Millsaps (0-0),39,31,,,,70
,3955043,New Orleans (1-0),57,43,,,,100
,3954999,Niagara (0-1),30,33,,,,63
,3954999,Notre Dame (1-0),29,41,,,,70
,3955050,Denver (0-1),41,46,,,,87
,3955050,UC San Diego (1-0),40,55,,,,95
,5252548,#6 Florida (23-10),48,54,,,,102
,5252548,#3 Alabama (21-11),33,55,,,,88
,3954950,Linfield (0-0),22,24,,,,46
,3954950,Oregon St. (1-0),39,43,,,,82
,3954996,Trinity Christian,23,38,,,,61
,3954996,Valparaiso (1-0),62,38,,,,100
,5250896,#3 San Francisco (23-10),37,40,,,,77
,5250896,#2 Gonzaga (25-6),38,51,,,,89
,5252350,#14 Saint Louis (13-19),41,33,,,,74
,5252350,#11 Rhode Island (12-20),32,39,,,,71
,3969809,Syracuse (20-11),30,45,,,,75
,3969809,Clemson (21-9),42,48,,,,90
,5251857,#2 Iowa St. (27-7),30,39,,,,69
,5251857,#1 Houston (30-4),23,18,,,,41
,5252397,#7 CSUN (19-14),38,41,8,,,87
,5252397,#6 UC Santa Barbara (16-15),39,40,5,,,84
,5251723,#8 Coppin St. (2-27),25,26,,,,51
,5251723,#1 Norfolk St. (22-10),31,44,,,,75
,3955026,Penn St.-Wilkes Barre,30,25,,,,55
,3955026,Norfolk St. (1-0),60,42,,,,102
,3955059,Regent,14,15,,,,29
,3955059,William & Mary (1-0),48,36,,,,84
,3969837,Boston College (16-14),28,39,,,,67
,3969837,Miami (FL) (15-15),32,25,,,,57
